{
  "train_loss": [
    5.060061418197372,
    4.563410169698975,
    4.200406237759373,
    3.819990150630474,
    3.6033421836116095,
    3.4304205897179516,
    3.3003342232920905,
    3.169699527323246,
    3.0877997638149695,
    3.1044993935660883,
    3.0202608650380913,
    2.9274410009384155,
    2.931124170395461,
    2.874076496809721,
    2.893832841718739,
    2.753872099247846,
    2.7100675905292686,
    2.7892564342103223,
    2.70566512407227,
    2.7417628402737053,
    2.716025944460522,
    2.6274571408602325,
    2.651673108000647,
    2.5678220106796785,
    2.620047903196378,
    2.5546122785996306,
    2.58022428676486,
    2.5494367161935028,
    2.5064847858792003,
    2.570303277535872,
    2.531217467717149,
    2.4922883751040157,
    2.4463046457279813,
    2.4250881895422935,
    2.438037275252017,
    2.310190312564373,
    2.450294966386123,
    2.3799187375063244,
    2.375484823164615,
    2.3896172006021845,
    2.401620014147325,
    2.216842922297391,
    2.2336679558185013,
    2.3161845664409073,
    2.2793385051190853,
    2.219400687312538,
    2.195326065813953,
    2.224271189760078,
    2.1579687263477934,
    2.2364298152652653,
    2.1859421249140394,
    2.2325860065492718,
    2.177896790545095,
    2.2268180989406328,
    2.1920256235382776,
    2.157123614441265,
    2.183999287133867,
    2.132328411056237,
    2.1375029205598612,
    2.1999346773055466,
    2.23182861269875,
    2.0592460706830025,
    2.1852974891662598,
    2.0815641090951185,
    2.053065749731931,
    2.2345741502940655,
    2.0051441050388594,
    2.1149502481249245,
    2.012589980255474,
    2.0274546640840443
  ],
  "val_acc1": [
    0.015,
    0.0696,
    0.1876,
    0.2686,
    0.3346,
    0.3606,
    0.4104,
    0.4082,
    0.451,
    0.4394,
    0.4664,
    0.4752,
    0.4754,
    0.4958,
    0.494,
    0.5112,
    0.5146,
    0.5294,
    0.5164,
    0.5316,
    0.5326,
    0.5372,
    0.5402,
    0.5486,
    0.541,
    0.5476,
    0.556,
    0.5464,
    0.5574,
    0.5552,
    0.5638,
    0.5656,
    0.5704,
    0.577,
    0.565,
    0.5768,
    0.5774,
    0.5694,
    0.587,
    0.5842,
    0.5778,
    0.5944,
    0.5848,
    0.5868,
    0.5856,
    0.5928,
    0.5932,
    0.5902,
    0.5938,
    0.5926,
    0.5928,
    0.5982,
    0.5998,
    0.5926,
    0.6012,
    0.6018,
    0.607,
    0.6034,
    0.6118,
    0.6054,
    0.6096,
    0.6186,
    0.6044,
    0.6016,
    0.6026,
    0.6084,
    0.6142,
    0.6052,
    0.6026,
    0.6116
  ],
  "val_acc5": [
    0.0696,
    0.197,
    0.4302,
    0.5556,
    0.6274,
    0.6632,
    0.7182,
    0.7056,
    0.7424,
    0.7282,
    0.7582,
    0.7628,
    0.7588,
    0.776,
    0.7758,
    0.7938,
    0.7968,
    0.7982,
    0.7938,
    0.8126,
    0.8042,
    0.8138,
    0.8126,
    0.8184,
    0.8116,
    0.823,
    0.8224,
    0.8056,
    0.8294,
    0.825,
    0.8362,
    0.826,
    0.832,
    0.8322,
    0.8248,
    0.8336,
    0.832,
    0.836,
    0.8452,
    0.8324,
    0.832,
    0.8366,
    0.845,
    0.8354,
    0.8374,
    0.8396,
    0.8412,
    0.845,
    0.8424,
    0.8454,
    0.8392,
    0.8458,
    0.8428,
    0.845,
    0.8462,
    0.8436,
    0.847,
    0.853,
    0.8466,
    0.8498,
    0.8464,
    0.8534,
    0.8526,
    0.8496,
    0.849,
    0.8486,
    0.847,
    0.847,
    0.8488,
    0.8458
  ],
  "epoch_emission_kg": [
    0.0005760514492301149,
    0.0004964072134499138,
    0.0005097338694714993,
    0.0004975837225054211,
    0.0004983915026130807,
    0.0004965122388110417,
    0.0004991594318620477,
    0.0005041017032512263,
    0.0005109288103642618,
    0.0005242888112198394,
    0.0005098869934899078,
    0.0005037413154659733,
    0.0005109167461355247,
    0.0005155082567794406,
    0.0005162540366485076,
    0.0005087413415985445,
    0.000502730376920041,
    0.0005108676425816983,
    0.0005085517944924283,
    0.0005229733775053762,
    0.0005049163674852126,
    0.0005067031888287479,
    0.0005048389611061675,
    0.000505963410686693,
    0.000515316032113602,
    0.0005097635197397535,
    0.0005058544977583828,
    0.0005086260527531911,
    0.0005089989075210776,
    0.0005027466845927473,
    0.000511725490040767,
    0.0005050406012360888,
    0.0005035067428634817,
    0.0005061247320844791,
    0.0005131358552078007,
    0.0005127956708151661,
    0.0005164388660167589,
    0.0005091911335743897,
    0.0005128811044288266,
    0.0005133688956245421,
    0.0005123017466245592,
    0.0005073168080040208,
    0.000507639400261872,
    0.0005090198713872891,
    0.0005078730458560462,
    0.000515135333880902,
    0.0005068622321108066,
    0.0005198943301926199,
    0.0005188976407608965,
    0.0005154834035932971,
    0.0005096873136549459,
    0.0005156196768037048,
    0.0005115446010942043,
    0.0005191716428616806,
    0.0005131292293531071,
    0.0005120149871570953,
    0.0005073517579815687,
    0.0005060620019718946,
    0.0005024581207761965,
    0.0005073506136357664,
    0.0005052743948694353,
    0.0005052331575347501,
    0.0005193533567268256,
    0.0005051124202696199,
    0.0005171575649495568,
    0.0005080989025590087,
    0.0005263208433858907,
    0.0005197559769332807,
    0.0005243755118007929,
    0.0005080779554816208
  ]
}