{
  "resnet50": {
    "train_loss": [
      4.5943016125397245,
      4.4465004300529305,
      3.955538911575621,
      3.5721824765205383,
      3.3285590681162747,
      3.1767506870356472,
      3.083680595863949,
      2.98906566134908,
      2.9841417487372053,
      2.9281463893977078,
      2.8593993268229743,
      2.82950818809596,
      2.8570233878086913,
      2.8123396184634077,
      2.7282645184208048,
      2.750246526165442,
      2.729199653999372,
      2.6850501261651516,
      2.6678546355529265,
      2.709309523755854,
      2.586637396704067,
      2.535260483961214,
      2.5749167278409004,
      2.567241403866898,
      2.525734217329459,
      2.5837123813954266,
      2.620108505541628,
      2.569034181196581,
      2.4961462914943695,
      2.4748622358522634,
      2.419600511477752,
      2.451333686709404,
      2.4621479121798817,
      2.5375092124397103,
      2.353605231100863,
      2.4253551330078733,
      2.4710962548851967,
      2.4057656550271944,
      2.376637231897224,
      2.358640268783678,
      2.3815678618848324,
      2.382837274535136,
      2.3419755924154413,
      2.2390585585751315,
      2.277943767607212,
      2.290153644979,
      2.2289651208980517,
      2.2533781040798533,
      2.345946301790801,
      2.2896946130151097,
      2.22619097137993,
      2.265851691703905,
      2.248786437579177,
      2.207425486635078,
      2.222068204459819,
      2.1823975223709238,
      2.1632350625639614,
      2.1984148638492282,
      2.2407677170227873,
      2.2716835276647047,
      2.1431911398064005,
      2.1712087507952345,
      2.199844461611726,
      2.2231757281856104,
      2.171597510576248,
      2.2429276657375423,
      2.185665986416015,
      2.166738831184127,
      2.181077677756548,
      2.1352024518630723
    ],
    "val_acc1": [
      0.0436,
      0.1376,
      0.2646,
      0.342,
      0.3698,
      0.4136,
      0.431,
      0.4464,
      0.451,
      0.4782,
      0.4634,
      0.473,
      0.4754,
      0.4636,
      0.4908,
      0.4908,
      0.4984,
      0.5134,
      0.5072,
      0.5178,
      0.5114,
      0.5184,
      0.5166,
      0.5342,
      0.5588,
      0.5348,
      0.5408,
      0.5418,
      0.5528,
      0.5406,
      0.5606,
      0.5526,
      0.5648,
      0.5578,
      0.5614,
      0.559,
      0.5716,
      0.5824,
      0.5704,
      0.5722,
      0.586,
      0.5984,
      0.5906,
      0.582,
      0.5978,
      0.5918,
      0.5918,
      0.5918,
      0.5878,
      0.6046,
      0.5938,
      0.596,
      0.5996,
      0.5968,
      0.6068,
      0.606,
      0.6084,
      0.6096,
      0.6072,
      0.6084,
      0.6106,
      0.613,
      0.6172,
      0.5998,
      0.612,
      0.6034,
      0.6158,
      0.614,
      0.6074,
      0.6108
    ],
    "val_acc5": [
      0.1364,
      0.3322,
      0.5454,
      0.6402,
      0.667,
      0.7096,
      0.717,
      0.7324,
      0.7344,
      0.7698,
      0.7464,
      0.7464,
      0.7546,
      0.7436,
      0.7632,
      0.767,
      0.7952,
      0.7752,
      0.7808,
      0.793,
      0.7726,
      0.7818,
      0.7842,
      0.7966,
      0.8134,
      0.8036,
      0.805,
      0.8032,
      0.8042,
      0.797,
      0.8178,
      0.8034,
      0.8116,
      0.809,
      0.8166,
      0.8124,
      0.8248,
      0.8274,
      0.8216,
      0.822,
      0.83,
      0.8332,
      0.8322,
      0.8288,
      0.8382,
      0.8298,
      0.8368,
      0.8368,
      0.8308,
      0.8396,
      0.8426,
      0.84,
      0.8358,
      0.8514,
      0.8442,
      0.841,
      0.8432,
      0.842,
      0.8506,
      0.8452,
      0.8512,
      0.8548,
      0.849,
      0.8362,
      0.8516,
      0.8436,
      0.8488,
      0.8414,
      0.8418,
      0.8448
    ],
    "epoch_emission_kg": [
      0.00036277815184751353,
      0.0003511468173466929,
      0.000356560473421238,
      0.0003585639782400675,
      0.00036663464642499016,
      0.00036972376216080866,
      0.0003748151517518376,
      0.00038222597836694647,
      0.0003767599254270295,
      0.0003816998523781019,
      0.0003717112494703028,
      0.0003799876448149318,
      0.0003718488430870877,
      0.0003743637368381182,
      0.00037877484635824484,
      0.0003721770641905816,
      0.000380782286921711,
      0.00038197162100871254,
      0.00037925062263934257,
      0.00037810161661159364,
      0.0003770968661487203,
      0.0003742461134163747,
      0.0003762438950734427,
      0.00037765582590814885,
      0.0003751284823470372,
      0.00037435132897354847,
      0.00037255160341522,
      0.0003758799145144014,
      0.0003765741709193553,
      0.0003784124990820657,
      0.0003902799706328008,
      0.0003828771372855079,
      0.0003889240435684308,
      0.00038827405325210095,
      0.00038841339563641994,
      0.00040051073154858226,
      0.0003916746544725812,
      0.00038384406701679136,
      0.00037791173967075404,
      0.00037691122530414693,
      0.0003887069790896029,
      0.00037127228447069425,
      0.0003743656704926368,
      0.00036953928674059877,
      0.00037402900667577105,
      0.0003819144878586652,
      0.00037082156866615254,
      0.00037335349113439437,
      0.0003760178422201589,
      0.00037269994942720677,
      0.0003694714442518239,
      0.00037916780515571247,
      0.0003721387744374442,
      0.0003847020490669482,
      0.00038975454569835805,
      0.0003768156906557751,
      0.00037523274116196104,
      0.0003732153702729894,
      0.00036895723412320834,
      0.0003793182406432788,
      0.00037081087028851596,
      0.00037004545654538087,
      0.00037255537591310343,
      0.00036973635278080816,
      0.0003793973269686222,
      0.00036850925897431394,
      0.0003656571358732184,
      0.0003670881147018275,
      0.0003727606013183253,
      0.00036837382041914285
    ]
  },
  "efficientnet_b3": {
    "train_loss": [
      5.060061418197372,
      4.563410169698975,
      4.200406237759373,
      3.819990150630474,
      3.6033421836116095,
      3.4304205897179516,
      3.3003342232920905,
      3.169699527323246,
      3.0877997638149695,
      3.1044993935660883,
      3.0202608650380913,
      2.9274410009384155,
      2.931124170395461,
      2.874076496809721,
      2.893832841718739,
      2.753872099247846,
      2.7100675905292686,
      2.7892564342103223,
      2.70566512407227,
      2.7417628402737053,
      2.716025944460522,
      2.6274571408602325,
      2.651673108000647,
      2.5678220106796785,
      2.620047903196378,
      2.5546122785996306,
      2.58022428676486,
      2.5494367161935028,
      2.5064847858792003,
      2.570303277535872,
      2.531217467717149,
      2.4922883751040157,
      2.4463046457279813,
      2.4250881895422935,
      2.438037275252017,
      2.310190312564373,
      2.450294966386123,
      2.3799187375063244,
      2.375484823164615,
      2.3896172006021845,
      2.401620014147325,
      2.216842922297391,
      2.2336679558185013,
      2.3161845664409073,
      2.2793385051190853,
      2.219400687312538,
      2.195326065813953,
      2.224271189760078,
      2.1579687263477934,
      2.2364298152652653,
      2.1859421249140394,
      2.2325860065492718,
      2.177896790545095,
      2.2268180989406328,
      2.1920256235382776,
      2.157123614441265,
      2.183999287133867,
      2.132328411056237,
      2.1375029205598612,
      2.1999346773055466,
      2.23182861269875,
      2.0592460706830025,
      2.1852974891662598,
      2.0815641090951185,
      2.053065749731931,
      2.2345741502940655,
      2.0051441050388594,
      2.1149502481249245,
      2.012589980255474,
      2.0274546640840443
    ],