{
  "train_loss": [
    3.6416057605635035,
    2.6328811919824644,
    2.6307423947886988,
    2.6237122755159032,
    2.7850529598918827,
    2.8510674109513108,
    2.838780495592139,
    2.738768127492883,
    2.6800321851941673,
    2.6851522214710712,
    2.5924351096830587,
    2.530998333272609,
    2.5663109330291096,
    2.4450596174733206,
    2.4632475308396597,
    2.4021080657839775,
    2.3502432300963183,
    2.346196257593957,
    2.311799169602719,
    2.2250603078441187,
    2.228599414568056,
    2.179811230098659,
    2.185221145776185,
    2.1185861961408095,
    2.1019920689815823,
    1.998135625638745,
    2.0909874175082552,
    2.0132312581620435,
    2.030413936146281,
    1.9369337524880061,
    2.000889770009301,
    1.9204813025214456,
    1.9023594456640156,
    1.8534602204507047,
    1.8607790128073909,
    1.9188243655318564,
    1.818712226707827,
    1.8226554244756699,
    1.8010754111138256,
    1.8142933235927061,
    1.7452377744696357,
    1.7280384874479338,
    1.7160172824832527,
    1.7033879670568488,
    1.678244161842899,
    1.6707824411040002,
    1.6515714573589237,
    1.6239186499945142,
    1.6275520016523926,
    1.6523605607111345,
    1.5969289974732832,
    1.6274260958148674,
    1.5931549893522805,
    1.6330028799447147,
    1.5620316924019293,
    1.5521923958916555,
    1.598369731313803,
    1.5862421589818867,
    1.4874701381407,
    1.4586880701509388,
    1.4742138978432526,
    1.5434836674142967,
    1.5699619362977417,
    1.5173361861908978,
    1.5573515844616024,
    1.5164827038957314,
    1.5171124230731616,
    1.4892078123309396,
    1.5367735099386086,
    1.4855161615732042
  ],
  "val_acc1": [
    0.5508,
    0.6318,
    0.6132,
    0.5642,
    0.5188,
    0.5094,
    0.509,
    0.5484,
    0.536,
    0.581,
    0.5768,
    0.5722,
    0.5892,
    0.6008,
    0.606,
    0.6312,
    0.611,
    0.6482,
    0.65,
    0.6634,
    0.657,
    0.6624,
    0.6802,
    0.677,
    0.6692,
    0.689,
    0.6828,
    0.6936,
    0.6942,
    0.7122,
    0.7068,
    0.7014,
    0.7206,
    0.7164,
    0.7126,
    0.7306,
    0.7312,
    0.729,
    0.7306,
    0.743,
    0.7476,
    0.7314,
    0.748,
    0.7552,
    0.7522,
    0.7446,
    0.7556,
    0.7582,
    0.7616,
    0.7544,
    0.7752,
    0.764,
    0.7654,
    0.7752,
    0.773,
    0.7778,
    0.7816,
    0.7768,
    0.7832,
    0.7758,
    0.77,
    0.7792,
    0.784,
    0.784,
    0.7854,
    0.7896,
    0.7828,
    0.7862,
    0.7868,
    0.7882
  ],
  "val_acc5": [
    0.8314,
    0.8708,
    0.8744,
    0.833,
    0.796,
    0.7922,
    0.7932,
    0.817,
    0.8076,
    0.8422,
    0.8504,
    0.8488,
    0.8554,
    0.8588,
    0.8676,
    0.8768,
    0.8652,
    0.8898,
    0.8834,
    0.8874,
    0.8884,
    0.8908,
    0.8958,
    0.8984,
    0.889,
    0.9052,
    0.8968,
    0.9008,
    0.9114,
    0.9094,
    0.911,
    0.9018,
    0.9116,
    0.9142,
    0.9182,
    0.9184,
    0.9188,
    0.9176,
    0.9208,
    0.9276,
    0.9236,
    0.9222,
    0.9242,
    0.9268,
    0.9256,
    0.9252,
    0.928,
    0.9314,
    0.9278,
    0.926,
    0.9372,
    0.9332,
    0.9322,
    0.9312,
    0.9352,
    0.9332,
    0.9394,
    0.932,
    0.9388,
    0.9362,
    0.9364,
    0.9384,
    0.9366,
    0.9372,
    0.9404,
    0.9402,
    0.9356,
    0.939,
    0.938,
    0.9364
  ],
  "epoch_emission_kg": [
    0.0006943292713770952,
    0.0007026841313926982,
    0.0007072884131636252,
    0.0006977631216045008,
    0.0006975522352268321,
    0.0006935504730420265,
    0.0007013421220258235,
    0.0007105048813163063,
    0.0006989752798984959,
    0.0007044029741640631,
    0.0007005732981807709,
    0.0007019366025767966,
    0.0007006942010924321,
    0.0007041985628845236,
    0.0007055530635987277,
    0.0007032053662177358,
    0.0007039974059496992,
    0.0007030295593181226,
    0.0007034855501458784,
    0.0007059794470992891,
    0.0007073896270661034,
    0.000706436101369347,
    0.0007013656576790231,
    0.0006986466043791727,
    0.0007010149826230529,
    0.0006984100196606523,
    0.0007035001302640187,
    0.0007028006613196999,
    0.0007000166861692154,
    0.000700556270493647,
    0.0007003923106818994,
    0.0007012511569022556,
    0.0007008903675994326,
    0.0007011113127185866,
    0.000699844418719963,
    0.0007035491793689051,
    0.0007026186953208427,
    0.0007053363451499928,
    0.0007011293655019023,
    0.0007020485003383351,
    0.0007002504403702145,
    0.000701970173402244,
    0.0007007123985449983,
    0.0007009450604777862,
    0.0007044966996612201,
    0.0007005852915002179,
    0.0006998749441908159,
    0.0006994066490857882,
    0.0007032124451909667,
    0.0006998975451067865,
    0.0007030953423509787,
    0.0007028519107941919,
    0.0007083015110424862,
    0.0007018993672538696,
    0.0006963176058232952,
    0.0006986017973077984,
    0.0007034692479278525,
    0.0007003878479093724,
    0.0006992617184607842,
    0.000700387269424082,
    0.0006988891953131716,
    0.0006991530282935961,
    0.000700769310037922,
    0.0007000035106935633,
    0.0007011949439099084,
    0.0007008423039274098,
    0.0007012195799061126,
    0.0007033613785799519,
    0.0007027621240641011,
    0.000702109124330342
  ]
}